name,price,seller_name,seller_years,seller_response_rate,image,link
computer accessories aluminium pc RMB usb wired blue switch membrane headset keyboard mouse combo,$15.50-$19.70,"Shanghai Kenjun Robot Tech Co., Ltd.",1 YRS,,https://s.alicdn.com/@sc01/kf/H2242842217cd4d4bb00a0d8e4637c48ad.jpg_300x300.jpg,https://www.alibaba.com/product-detail/computer-accessories-aluminium-pc-RMB-usb_62434433110.html
Water-proof Wireless Keyboard And Mouse,$6.00-$9.00,"Shenzhen Tianmaxun Technology Co., Ltd.",5 YRS,86.30%,https://img.alicdn.com/tfs/TB1S_7kkY5YBuNjSspoXXbeNFXa-700-700.jpg_350x350.jpg,https://www.alibaba.com/product-detail/Water-proof-Wireless-Keyboard-And-Mouse_62112120572.html?s=p
Waterproof industrial stainless steel IP65 USB customized language layout metal keyboard with trackball touchpad,$87.00-$90.00,"Shenzhen Long-Key Technology Co., Ltd.",2 YRS,97.40%,https://img.alicdn.com/tfs/TB1S_7kkY5YBuNjSspoXXbeNFXa-700-700.jpg_350x350.jpg,https://www.alibaba.com/product-detail/Waterproof-industrial-stainless-steel-IP65-USB_62409766224.html?s=p
Fashion creative rainbow backlit keyboard arabic gaming keyboard,$6.50-$7.08,"Shenzhen Jinjian Electronic Technology Co., Ltd.",1 YRS,90.90%,https://img.alicdn.com/tfs/TB1S_7kkY5YBuNjSspoXXbeNFXa-700-700.jpg_350x350.jpg,https://www.alibaba.com/product-detail/Fashion-creative-rainbow-backlit-keyboard-arabic_62430696722.html?s=p
Newest Double Injection Full Size Metal with Extra Weight USB Wired Computer/ Laptop Semi- Mechanical Backlight Gaming Keyboard,$10.00-$12.00,"Shenzhen Blue Solids Technology Co., Ltd.",5 YRS,,https://img.alicdn.com/tfs/TB1S_7kkY5YBuNjSspoXXbeNFXa-700-700.jpg_350x350.jpg,https://www.alibaba.com/product-detail/Newest-Double-Injection-Full-Size-Metal_60319655996.html?s=p
BUBM Manufacturer Laptop Tablet Computer Wireless Keyboard,$6.00-$6.20,"Beyondmer (Shenzhen) Technology Co., Ltd.",1 YRS,,https://img.alicdn.com/tfs/TB1S_7kkY5YBuNjSspoXXbeNFXa-700-700.jpg_350x350.jpg,https://www.alibaba.com/product-detail/BUBM-Manufacturer-Laptop-Tablet-Computer-Wireless_62428217079.html?s=p
Redragon Kit Computer Wired Gamer Headset Set RGB Gaming Keyboard And Mouse Combo LED,$2.80-$25.00,"Chongqing YGM Commercial And Trading Co., Ltd.",3 YRS,94.90%,https://img.alicdn.com/tfs/TB1S_7kkY5YBuNjSspoXXbeNFXa-700-700.jpg_350x350.jpg,https://www.alibaba.com/product-detail/Redragon-Kit-Computer-Wired-Gamer-Headset_60814942539.html
2020 Best SEll Factory Price Led Breathing light Gaming Mechanical Mouse and Keyboard,$5.70-$6.00,"Shenzhen Cre-Star Technology Co., Ltd.",4 YRS,90.70%,https://img.alicdn.com/tfs/TB1S_7kkY5YBuNjSspoXXbeNFXa-700-700.jpg_350x350.jpg,https://www.alibaba.com/product-detail/2020-Best-SEll-Factory-Price-Led_62115346386.html
"TKL Mechanical RGB gaming Keyboard , 16.8 Million Colors RGB LED Back lit keys, Detachable Palm Rest Customized Order",$15.00-$16.00,"Shenzhen Blue Solids Technology Co., Ltd.",5 YRS,,https://s.alicdn.com/@sc01/kf/Hf3bd617e37cd48c1aedd8e504a8a66d0z.jpg_300x300.jpg,https://www.alibaba.com/product-detail/TKL-Mechanical-RGB-gaming-Keyboard-16_62392780999.html
OEM three color led light USB Wired rgb wired PC computer gaming keyboard and mouse combos,$10.26-$10.48,"Shantou Wiisun Electronic Co., Ltd.",1 YRS,94.60%,https://img.alicdn.com/tfs/TB1S_7kkY5YBuNjSspoXXbeNFXa-700-700.jpg_350x350.jpg,https://www.alibaba.com/product-detail/OEM-three-color-led-light-USB_62199151363.html
Wholesale Backlit 2.4G Wireless i8 Pro MINI Keyboard For Android Smart TV Box,$1.99-$2.59,Shenzhen B2go Technology Company Limited,6 YRS,86.30%,https://img.alicdn.com/tfs/TB1S_7kkY5YBuNjSspoXXbeNFXa-700-700.jpg_350x350.jpg,https://www.alibaba.com/product-detail/Wholesale-Backlit-2-4G-Wireless-i8_60693847703.html
Foldable Ultra Slim Mini Rechargeable Pocket three fold wireless keyboard with touch pad,$15.20-$20.50,"Shenzhen Comlon Electronic Co., Ltd.",3 YRS,54.40%,https://img.alicdn.com/tfs/TB1S_7kkY5YBuNjSspoXXbeNFXa-700-700.jpg_350x350.jpg,https://www.alibaba.com/product-detail/Foldable-Ultra-Slim-Mini-Rechargeable-Pocket_60811454617.html
optical switches IP68 water proof Wired 61 keys RGB backlight with macro Mechanical Gaming programmed mini keyboard,$20.15-$20.88,"Zhuhai Hangrun Technology Co., Ltd.",3 YRS,81.80%,https://img.alicdn.com/tfs/TB1S_7kkY5YBuNjSspoXXbeNFXa-700-700.jpg_350x350.jpg,https://www.alibaba.com/product-detail/optical-switches-IP68-water-proof-Wired_60788629534.html
Dropshipping professional mechanical feel gaming keyboard rainbow backlit gaming keyboard with custom logo,$6.50-$7.08,"Shenzhen Jinjian Electronic Technology Co., Ltd.",1 YRS,90.90%,https://img.alicdn.com/tfs/TB1S_7kkY5YBuNjSspoXXbeNFXa-700-700.jpg_350x350.jpg,https://www.alibaba.com/product-detail/Dropshipping-professional-mechanical-feel-gaming-keyboard_62405570595.html
For US HP G4 G4-1000 G6 G6-1000 CQ43 CQ57 CQ58 650 laptop keyboard,$5.00-$9.00,"Shenzhen HHT-Electronic Co., Ltd.",5 YRS,62.00%,https://img.alicdn.com/tfs/TB1S_7kkY5YBuNjSspoXXbeNFXa-700-700.jpg_350x350.jpg,https://www.alibaba.com/product-detail/For-US-HP-G4-G4-1000_60868344005.html
2019 Original i8 Mini Wireless Keyboard Black 2.4GHz with USB Receiver and Touchpad for TV Box/Smart TV/ Android,$2.85-$2.91,"Shenzhen Youth Fly Electronic Co., Ltd.",2 YRS,82.40%,https://img.alicdn.com/tfs/TB1S_7kkY5YBuNjSspoXXbeNFXa-700-700.jpg_350x350.jpg,https://www.alibaba.com/product-detail/2019-Original-i8-Mini-Wireless-Keyboard_60791592457.html
Custom RGB LED Wired Programmable Mechanical Gaming Keyboard,$14.86-$15.56,"Shenzhen Free & Easy Technology Co., Ltd.",11 YRS,90.80%,https://s.alicdn.com/@sc01/kf/HTB1iFzQXEKF3KVjSZFEq6xExFXaf.jpg_300x300.jpg,https://www.alibaba.com/product-detail/Custom-RGB-LED-Wired-Programmable-Mechanical_60660905213.html
Wholesale Backlit 2.4G Wireless i8 Pro MINI Keyboard For Android Smart TV Box,$1.99-$2.59,Shenzhen B2go Technology Company Limited,6 YRS,86.30%,https://img.alicdn.com/tfs/TB1S_7kkY5YBuNjSspoXXbeNFXa-700-700.jpg_350x350.jpg,https://www.alibaba.com/product-detail/Wholesale-Backlit-2-4G-Wireless-i8_60693847703.html
2019 Best Sell gaming mechanical wired keyboard for game lover,$2.26-$7.53,"Fujian Century Sea Power Co., Ltd.",3 YRS,,https://img.alicdn.com/tfs/TB1S_7kkY5YBuNjSspoXXbeNFXa-700-700.jpg_350x350.jpg,https://www.alibaba.com/product-detail/2019-Best-Sell-gaming-mechanical-wired_62130754234.html
For Dell E5420 E5430 Keyboard PD7YO PD7Y0 Or FWVVF US Black Laptop Keyboard With Pointer,$3.00-$6.00,"Shenzhen Buyee Technology Development Co., Ltd.",7 YRS,79.60%,https://img.alicdn.com/tfs/TB1S_7kkY5YBuNjSspoXXbeNFXa-700-700.jpg_350x350.jpg,https://www.alibaba.com/product-detail/For-Dell-E5420-E5430-Keyboard-PD7YO_60822305395.html
new high quality hot selling top 10 3.0 portable slim thin OEM layout gaming wireless tablet use mini bluetooth keyboard,$9.90-$10.35,"Shenzhen Laintek Industrial Co., Ltd.",14 YRS,91.20%,https://img.alicdn.com/tfs/TB1S_7kkY5YBuNjSspoXXbeNFXa-700-700.jpg_350x350.jpg,https://www.alibaba.com/product-detail/new-high-quality-hot-selling-top_60202211422.html
Factory Wholesale Slim ABS Wireless Keyboard for apple samsung windows for Macbook Keyboard,$4.00-$5.00,"Shenzhen Yuehan Electronic Technology Co., Ltd.",2 YRS,51.40%,https://img.alicdn.com/tfs/TB1S_7kkY5YBuNjSspoXXbeNFXa-700-700.jpg_350x350.jpg,https://www.alibaba.com/product-detail/Factory-Wholesale-Slim-ABS-Wireless-Keyboard_60769345296.html
OEM Promotional Gift Universal Mini Portable BT Wireless Foldable Keyboard for Windows iOS Android Tablets Phones Mobile Folding,$6.35-$8.00,"Shenzhen iRton Technology Co., Ltd.",1 YRS,,https://img.alicdn.com/tfs/TB1S_7kkY5YBuNjSspoXXbeNFXa-700-700.jpg_350x350.jpg,https://www.alibaba.com/product-detail/OEM-Promotional-Gift-Universal-Mini-Portable_62306661618.html
For ipad 10.2 keyboard case ultra thin wireless keyboard for ipad keyboard 10.2 2019 case,$8.95-$9.70,Shenzhen Sinofly Electronic Company Limited,8 YRS,96.20%,https://img.alicdn.com/tfs/TB1S_7kkY5YBuNjSspoXXbeNFXa-700-700.jpg_350x350.jpg,https://www.alibaba.com/product-detail/For-ipad-10-2-keyboard-case_62337699109.html
Custom RGB LED Wired Programmable Mechanical Gaming Keyboard,$14.86-$15.56,"Shenzhen Free & Easy Technology Co., Ltd.",11 YRS,90.80%,https://s.alicdn.com/@sc01/kf/HTB1iFzQXEKF3KVjSZFEq6xExFXaf.jpg_300x300.jpg,https://www.alibaba.com/product-detail/Custom-RGB-LED-Wired-Programmable-Mechanical_60660905213.html
Wholesale Backlit 2.4G Wireless i8 Pro MINI Keyboard For Android Smart TV Box,$1.99-$2.59,Shenzhen B2go Technology Company Limited,6 YRS,86.30%,https://img.alicdn.com/tfs/TB1S_7kkY5YBuNjSspoXXbeNFXa-700-700.jpg_350x350.jpg,https://www.alibaba.com/product-detail/Wholesale-Backlit-2-4G-Wireless-i8_60693847703.html
"Wired mouse keyboard set, seven colors keys mouse three colors backlit gaming keyboard mouse combos, mouse & keyboard",$14.00-$15.50,Yiwu Titan Electronics Factory,1 YRS,24.50%,https://img.alicdn.com/tfs/TB1S_7kkY5YBuNjSspoXXbeNFXa-700-700.jpg_350x350.jpg,https://www.alibaba.com/product-detail/Wired-mouse-keyboard-set-seven-colors_62342793796.html
RU Backlight Laptop Keyboard GL704 GL704GM GL704GV GL704GW GL704S7CM Notebook Keyboard,$19.25 ,"Shenzhen Colour Stone Technology Co., Ltd.",8 YRS,91.70%,https://img.alicdn.com/tfs/TB1S_7kkY5YBuNjSspoXXbeNFXa-700-700.jpg_350x350.jpg,https://www.alibaba.com/product-detail/RU-Backlight-Laptop-Keyboard-GL704-GL704GM_62443932320.html
Wired Gaming Keyboard Mouse Set Mechanical Feeling Russian+English Backlit RGB Keyboard and Mouse for Gamer PC Laptop,$6.90-$8.65,"Shen Zhen Seenda Technology Co., Ltd",1 YRS,97.10%,https://img.alicdn.com/tfs/TB1S_7kkY5YBuNjSspoXXbeNFXa-700-700.jpg_350x350.jpg,https://www.alibaba.com/product-detail/Wired-Gaming-Keyboard-Mouse-Set-Mechanical_62475859315.html
AULA SI-2088 Latest mechanical keyboard hot sell & more colorful backlight mechagaming keyboard & professional ergonomics design,$19.85-$29.99,"Dongguan Suoai Electronics Co., Ltd.",2 YRS,40.00%,https://img.alicdn.com/tfs/TB1S_7kkY5YBuNjSspoXXbeNFXa-700-700.jpg_350x350.jpg,https://www.alibaba.com/product-detail/AULA-SI-2088-Latest-mechanical-keyboard_60801619498.html
RF mini 2.4G Wireless Keyboard with Touchpad K8 Best for Media and HTPC Android TV Box STB multi language versions,$20.00-$30.00,Beijing Teket Innovation Technology Company Limited,11 YRS,88.60%,https://img.alicdn.com/tfs/TB1S_7kkY5YBuNjSspoXXbeNFXa-700-700.jpg_350x350.jpg,https://www.alibaba.com/product-detail/RF-mini-2-4G-Wireless-Keyboard_60261181061.html
Lofree Retro Dot Design Bluetooth Wireless Rechargeable Portable wireless gaming keyboard (medical surgical face mask free),$49.90-$59.00,"Shenzhen Hezi Information Technology Co., Ltd.",1 YRS,,https://img.alicdn.com/tfs/TB1S_7kkY5YBuNjSspoXXbeNFXa-700-700.jpg_350x350.jpg,https://www.alibaba.com/product-detail/Lofree-Retro-Dot-Design-Bluetooth-Wireless_62381066905.html
AULA Wings of Liberty Series RGB Light Backlit USB Wired Mechanical Axis Gaming Keyboard (Black),$3.00-$41.68,Shenzhen Haweel Technology Limited,6 YRS,,https://s.alicdn.com/@sc01/kf/HTB1F1pNeDnI8KJjSszbq6z4KFXay.jpg_300x300.jpg,https://www.alibaba.com/product-detail/AULA-Wings-of-Liberty-Series-RGB_60715417265.html
"Wired mouse keyboard set, seven colors keys mouse three colors backlit gaming keyboard mouse combos, mouse & keyboard",$14.00-$15.50,Yiwu Titan Electronics Factory,1 YRS,24.50%,https://img.alicdn.com/tfs/TB1S_7kkY5YBuNjSspoXXbeNFXa-700-700.jpg_350x350.jpg,https://www.alibaba.com/product-detail/Wired-mouse-keyboard-set-seven-colors_62342793796.html
Custom RGB LED Wired Programmable Mechanical Gaming Keyboard,$14.86-$15.56,"Shenzhen Free & Easy Technology Co., Ltd.",11 YRS,90.80%,https://img.alicdn.com/tfs/TB1S_7kkY5YBuNjSspoXXbeNFXa-700-700.jpg_350x350.jpg,https://www.alibaba.com/product-detail/Custom-RGB-LED-Wired-Programmable-Mechanical_60660905213.html
SATE(AK-833)Standard desktop wired 119 keys keyboard for office Factory wholesale USB standard multimedia wired keyboard,$2.88 ,"Dongguan Qunjie Electronics Co., Ltd.",1 YRS,,https://img.alicdn.com/tfs/TB1S_7kkY5YBuNjSspoXXbeNFXa-700-700.jpg_350x350.jpg,https://www.alibaba.com/product-detail/SATE-AK-833-Standard-desktop-wired_62213297218.html
"Hot Popular Oem Computer Keyboard Wireless,Aluminium Mini Wireless Keyboard And Mouse Combos",$7.98-$9.99,"Shenzhen Jiayin Nuoxin E-Commerce Co., Ltd.",2 YRS,92.60%,https://img.alicdn.com/tfs/TB1S_7kkY5YBuNjSspoXXbeNFXa-700-700.jpg_350x350.jpg,https://www.alibaba.com/product-detail/Hot-Popular-Oem-Computer-Keyboard-Wireless_62186006419.html
"Gaming Keyboard Combo,Rainbow Backlit Mechanical Feeling RGB Keyboard with Colors Breathing LED Backlight for PC and gamer",$8.99-$9.29,"Shenzhen Xitong Development Co., Ltd.",1 YRS,96.30%,https://img.alicdn.com/tfs/TB1S_7kkY5YBuNjSspoXXbeNFXa-700-700.jpg_350x350.jpg,https://www.alibaba.com/product-detail/Gaming-Keyboard-Combo-Rainbow-Backlit-Mechanical_62421233450.html
Best choose computer keyboard mouse laptop wireless usb bamboo keyboard and mouse combo,$16.90-$21.60,"Jiangxi Tonggu Jiangqiao Timber & Bamboo Industry Co., Ltd.",3 YRS,90.30%,https://img.alicdn.com/tfs/TB1S_7kkY5YBuNjSspoXXbeNFXa-700-700.jpg_350x350.jpg,https://www.alibaba.com/product-detail/Best-choose-computer-keyboard-mouse-laptop_62164047075.html
USB mechanical gaming keyboard golden 2019,$13.80-$17.80,Yiwu Shiqing Art & Carft Factory,1 YRS,,https://img.alicdn.com/tfs/TB1S_7kkY5YBuNjSspoXXbeNFXa-700-700.jpg_350x350.jpg,https://www.alibaba.com/product-detail/USB-mechanical-gaming-keyboard-golden-2019_62359126370.html
